resSeq,chain,aa,ss,acc
1, ,0,0,0
80.8, ,T,A,0
4.1, ,T,A,0
1.7, ,T,A,0
0.1, ,T,A,0
0, ,T,A,0
0, ,T,A,0
0, ,T,A,0
0, ,T,A,0
0, ,T,A,0
0, ,T,A,0
6.6, ,T,A,0
8.5, ,T,A,0
57.7, ,T,A,0
1.5, ,T,A,0
2,4, , ,2
0,5, , ,1
0,1, , ,0
0,1, , ,0
0,0, , ,0
1,A,M, ,208
2,A,S,H,104
3,A,L,H,150
4,A,L,H,131
5,A,F,H,154
6,A,S,H,77
7,A,R,H,187
8,A,C,H,78
9,A,N,H,108
10,A,S,H,56
11,A,I,H,95
12,A,V,H,76
13,A,T,H,78
14,A,V,H,84
15,A,K,H,147
16,A,K,H,146
17,A,N,H,105
18,A,K,H,151
19,A,R,H,185
20,A,H,H,116
21,A,M,H,144
22,A,A,H,59
23,A,E,H,126
24,A,V,H,89
25,A,N,H,151
26,A,A,S,35
27,A,S, ,33
28,A,P,T,35
29,A,L,T,0
30,A,K,H,84
31,A,H,H,60
32,A,F,H,0
33,A,V,H,40
34,A,T,H,66
35,A,A,H,0
36,A,K,H,26
37,A,K,H,167
38,A,K,H,74
39,A,I,H,0
40,A,N,H,36
41,A,G,H,25
42,A,I,H,3
43,A,F,H,0
44,A,E,H,146
45,A,Q,H,87
46,A,L,H,1
47,A,G,H,13
48,A,A,H,63
49,A,Y,H,8
50,A,I,H,0
51,A,Q,H,73
52,A,E,H,83
53,A,S,H,0
54,A,A,H,3
55,A,T,H,61
56,A,F,H,19
57,A,L,H,0
58,A,E,H,47
59,A,D,H,98
60,A,T,H,11
61,A,Y,H,107
62,A,R,H,166
63,A,N, ,49
64,A,A,T,102
65,A,E,T,96
66,A,L,S,17
67,A,D, ,89
68,A,P, ,121
69,A,V,S,11
70,A,T,S,6
71,A,T, ,67
72,A,E,H,113
73,A,E,H,137
74,A,Q,H,34
75,A,V,H,9
76,A,L,H,102
77,A,D,H,69
78,A,V,H,0
79,A,K,H,79
80,A,G,H,29
81,A,Y,H,42
82,A,L,H,15
83,A,S,H,84
84,A,K,H,99
85,A,V,H,0
86,A,R,H,136
87,A,G,H,35
88,A,I,H,23
89,A,S,H,30
90,A,E,H,122
91,A,V,H,63
92,A,L,H,0
93,A,A,H,56
94,A,R,T,185
95,A,R, ,77
96,A,H, ,32
97,A,M,E,0
98,A,K,E,9
99,A,V,E,0
100,A,A,E,0
101,A,F,E,0
102,A,F,E,0
103,A,G, ,0
104,A,R,S,85
105,A,T,T,53
106,A,S,T,87
107,A,N,S,9
108,A,G,S,12
109,A,K,H,13
110,A,S,H,13
111,A,T,H,27
112,A,V,H,0
113,A,I,H,0
114,A,N,H,0
115,A,A,H,0
116,A,M,H,2
117,A,L,H,1
118,A,W,T,102
119,A,D,S,57
120,A,K, ,101
121,A,V, ,0
122,A,L,S,0
123,A,P, ,11
124,A,S, ,35
125,A,G,S,50
126,A,I,T,177
127,A,G,T,70
128,A,H, ,82
129,A,T, ,88
130,A,T, ,25
131,A,N, ,66
132,A,C,S,0
133,A,F,E,0
134,A,L,E,1
135,A,R,E,38
136,A,V,E,0
137,A,E,E,48
138,A,G,E,17
139,A,T,E,24
140,A,D,S,145
141,A,G,S,31
142,A,H,S,166
143,A,E,S,111
144,A,A, ,9
145,A,F,E,31
146,A,L,E,6
147,A,L,E,44
148,A,T,E,26
149,A,E,T,104
150,A,G,T,92
151,A,S, ,44
152,A,E, ,187
153,A,E, ,117
154,A,K,E,143
155,A,R,E,86
156,A,S,E,66
157,A,A, ,0
158,A,K,S,125
159,A,T,S,71
160,A,V,H,33
161,A,N,H,120
162,A,Q,H,89
163,A,L,H,1
164,A,A,H,8
165,A,H,H,113
166,A,A,H,17
167,A,L,H,19
168,A,H,H,131
169,A,Q,H,131
170,A,D, ,29
171,A,K,T,201
172,A,Q,T,164
173,A,L, ,23
174,A,H, ,117
175,A,A,T,21
176,A,G,T,19
177,A,S, ,15
178,A,L,E,25
179,A,V,E,2
180,A,S,E,16
181,A,V,E,0
182,A,M,E,21
183,A,W,E,11
184,A,P,E,0
185,A,N,G,25
186,A,S,G,97
187,A,K,G,114
188,A,C, ,2
189,A,P,H,93
190,A,L,H,13
191,A,L,H,5
192,A,K,H,141
193,A,D,T,10
194,A,D,T,49
195,A,L,E,2
196,A,V,E,2
197,A,L,E,0
198,A,M,E,1
199,A,D,E,0
200,A,S, ,0
201,A,P, ,0
202,A,G, ,2
203,A,I,G,6
204,A,D,G,70
205,A,V,G,83
206,A,T, ,30
207,A,T,S,138
208,A,E, ,129
209,A,L,H,16
210,A,D,H,54
211,A,S,H,48
212,A,W,H,2
213,A,I,I,0
214,A,D,I,84
215,A,K,I,103
216,A,F,I,6
217,A,C,I,0
218,A,L,T,92
219,A,D,T,62
220,A,A, ,12
221,A,D,S,9
222,A,V,E,0
223,A,F,E,1
224,A,V,E,0
225,A,L,E,0
226,A,V,E,0
227,A,A,E,2
228,A,N,E,29
229,A,S,T,4
230,A,E,T,106
231,A,S,S,43
232,A,T, ,56
233,A,L, ,17
234,A,M, ,54
235,A,Q,H,143
236,A,T,H,63
237,A,E,H,2
238,A,K,H,23
239,A,H,H,103
240,A,F,H,0
241,A,F,H,0
242,A,H,H,60
243,A,K,H,49
244,A,V,H,0
245,A,S,H,33
246,A,E,H,146
247,A,R,H,94
248,A,L,S,34
249,A,S,S,120
250,A,R,S,199
251,A,P, ,9
252,A,N,E,28
253,A,I,E,0
254,A,F,E,1
255,A,I,E,0
256,A,L,E,0
257,A,N,E,3
258,A,N,E,6
259,A,R, ,97
260,A,W,G,13
261,A,D,G,37
262,A,A,G,32
263,A,S,G,16
264,A,A,G,29
265,A,S,G,97
266,A,E, ,120
267,A,P,H,86
268,A,E,H,164
269,A,Y,H,138
270,A,M,H,67
271,A,E,H,163
272,A,E,H,77
273,A,V,H,48
274,A,R,H,94
275,A,R,H,134
276,A,Q,H,76
277,A,H,H,12
278,A,M,H,51
279,A,E,H,101
280,A,R,H,111
281,A,C,H,1
282,A,T,H,13
283,A,S,H,40
284,A,F,I,0
285,A,L,I,0
286,A,V,I,26
287,A,D,I,95
288,A,E,I,79
289,A,L,S,18
290,A,G, ,50
291,A,V, ,17
292,A,V,S,9
293,A,D, ,105
294,A,R,T,145
295,A,S,T,104
296,A,Q,T,84
297,A,A,G,2
298,A,G,G,46
299,A,D,G,61
300,A,R,T,31
301,A,I,E,1
302,A,F,E,10
303,A,F,E,0
304,A,V, ,0
305,A,S, ,1
306,A,A,H,0
307,A,K,H,121
308,A,E,H,2
309,A,V,H,1
310,A,L,H,5
311,A,N,H,49
312,A,A,H,0
313,A,R,H,5
314,A,I,H,34
315,A,Q,H,52
316,A,K,H,94
317,A,A,H,75
318,A,Q,T,141
319,A,G,T,71
320,A,M, ,111
321,A,P, ,97
322,A,E,G,50
323,A,G,G,48
324,A,G,G,49
325,A,G,G,1
326,A,A, ,45
327,A,L, ,79
328,A,A,S,32
329,A,E,T,176
330,A,G,T,39
331,A,F,H,24
332,A,Q,H,164
333,A,V,H,94
334,A,R,H,9
335,A,M,H,10
336,A,F,H,122
337,A,E,H,20
338,A,F,H,0
339,A,Q,H,79
340,A,N,H,63
341,A,F,H,0
342,A,E,H,18
343,A,R,H,138
344,A,R,H,99
345,A,F,H,0
346,A,E,H,28
347,A,E,H,54
348,A,C,H,18
349,A,I,H,0
350,A,S,H,2
351,A,Q,H,126
352,A,S,H,26
353,A,A,H,0
354,A,V,H,0
355,A,K,H,96
356,A,T,H,88
357,A,K,H,12
358,A,F,H,0
359,A,E,H,78
360,A,Q,H,150
361,A,H,H,26
362,A,T,H,1
363,A,V,H,72
364,A,R,H,89
365,A,A,H,0
366,A,K,H,56
367,A,Q,H,103
368,A,I,H,1
369,A,A,H,1
370,A,E,H,73
371,A,A,H,23
372,A,V,H,0
373,A,R,H,68
374,A,L,H,92
375,A,I,H,17
376,A,M,H,0
377,A,D,H,47
378,A,S,H,58
379,A,L,H,0
380,A,H,H,33
381,A,M,H,123
382,A,A,H,30
383,A,A,H,0
384,A,R,H,109
385,A,E,H,150
386,A,Q,H,18
387,A,Q,H,9
388,A,V,H,52
389,A,Y,H,134
390,A,C,H,8
391,A,E,H,57
392,A,E,H,123
393,A,M,H,34
394,A,R,H,67
395,A,E,H,118
396,A,E,H,111
397,A,R,H,57
398,A,Q,H,66
399,A,D,H,84
400,A,R,H,95
401,A,L,H,26
402,A,K,H,129
403,A,F,H,97
404,A,I,H,2
405,A,D,H,62
406,A,K,H,141
407,A,Q,H,68
408,A,L,H,37
409,A,E,H,125
410,A,L,H,91
411,A,L,H,24
412,A,A,H,34
413,A,Q,H,119
414,A,D,H,67
415,A,Y,H,8
416,A,K,H,166
417,A,L,H,106
418,A,R,H,90
419,A,I,H,15
420,A,K,H,126
421,A,Q,H,112
422,A,I,H,31
423,A,T,H,11
424,A,E,H,102
425,A,E,H,67
426,A,V,H,4
427,A,E,H,73
428,A,R,H,147
429,A,Q,H,53
430,A,V,H,0
431,A,S,H,28
432,A,T,H,71
433,A,A,H,9
434,A,M,H,3
435,A,A,H,32
436,A,E,H,84
437,A,E,H,6
438,A,I,H,4
439,A,R,H,199
440,A,R,T,137
441,A,L,H,0
442,A,S,H,51
443,A,V,H,83
444,A,L,H,17
445,A,V,H,0
446,A,D,H,95
447,A,D,T,109
448,A,Y, ,15
449,A,Q, ,177
450,A,M, ,80
451,A,D, ,154
452,A,F, ,19
453,A,H, ,113
454,A,P, ,48
455,A,S, ,39
456,A,P,H,107
457,A,V,H,110
458,A,V,H,54
459,A,L,H,13
460,A,K,H,148
461,A,V,H,74
462,A,Y,H,1
463,A,K,H,35
464,A,N,H,75
465,A,E,H,72
466,A,L,H,0
467,A,H,H,7
468,A,R,H,131
469,A,H,H,58
470,A,I,H,2
471,A,E,H,61
472,A,E,H,103
473,A,G,H,13
474,A,L,H,4
475,A,G,H,22
476,A,R,H,163
477,A,N,H,54
478,A,M,H,1
479,A,S,I,47
480,A,D,I,113
481,A,R,I,92
482,A,C,I,4
483,A,S,I,16
484,A,T,H,92
485,A,A,H,40
486,A,I,H,1
487,A,T,H,36
488,A,N,H,86
489,A,S,H,54
490,A,L,H,4
491,A,Q,H,111
492,A,T,H,82
493,A,M,H,6
494,A,Q,H,10
495,A,Q,H,56
496,A,D,H,61
497,A,M,H,0
498,A,I,H,0
499,A,D,H,79
500,A,G,H,22
501,A,L,H,1
502,A,K,G,61
503,A,P,G,60
504,A,L,G,1
505,A,L,S,1
506,A,P, ,47
507,A,V,H,114
508,A,S,H,89
509,A,V,H,33
510,A,R,H,71
511,A,S,T,87
512,A,Q,T,108
513,A,I,H,1
514,A,D,H,62
515,A,M,H,168
516,A,L,H,60
517,A,V,S,5
518,A,P, ,71
519,A,R, ,129
520,A,Q, ,142
521,A,C, ,131
522,A,F, ,37
523,A,S, ,95
524,A,L, ,18
525,A,N, ,78
526,A,Y, ,14
527,A,D, ,74
528,A,L, ,10
529,A,N, ,76
530,A,C,H,4
531,A,D,H,81
532,A,K,H,167
533,A,L,H,37
534,A,C,T,5
535,A,A,T,75
536,A,D,T,86
537,A,F, ,14
538,A,Q, ,176
539,A,E, ,53
540,A,D, ,70
541,A,I, ,18
542,A,E,S,139
543,A,F, ,32
544,A,H, ,75
545,A,F, ,15
546,A,S,T,42
547,A,L,T,70
548,A,G, ,11
549,A,W,H,211
550,A,T,H,95
551,A,M,H,83
552,A,L,H,59
553,A,V,H,47
554,A,N,H,78
555,A,R,H,213
556,A,F,H,172
557,A,L,H,96
558,A,G, ,26
559,A,P,H,103
560,A,K,H,187
561,A,N,H,105
562,A,S,H,10
563,A,R,H,207
564,A,R,H,210
565,A,A,H,83
566,A,L,H,153
567,A,M, ,143
568,A,G, ,74
569,A,Y, ,190
570,A,N, ,112
571,A,D, ,132
572,A,Q, ,165
573,A,V, ,127
574,A,Q,P,177
575,A,R,P,227
576,A,P,P,121
577,A,I,P,150
578,A,P,P,104
579,A,L, ,174
580,A,T, ,115
581,A,P, ,127
582,A,A, ,94
583,A,N, ,144
584,A,P, ,125
585,A,S, ,103
586,A,M,S,176
587,A,P, ,96
588,A,P, ,133
589,A,L, ,153
590,A,P, ,119
591,A,Q, ,192
592,A,G, ,74
593,A,S, ,118
594,A,L, ,173
595,A,T, ,122
596,A,Q, ,199
597,A,E, ,166
598,A,E,G,184
599,A,F,G,197
600,A,M,G,174
601,A,V,S,120
602,A,S,G,93
603,A,M,G,139
604,A,V,G,120
605,A,T,S,122
606,A,G,G,54
607,A,L,G,152
608,A,A,G,81
609,A,S,S,88
610,A,L,T,147
611,A,T,T,110
612,A,S,S,80
613,A,R,S,225
614,A,T,H,106
615,A,S,H,75
616,A,M,H,153
617,A,G,H,41
618,A,I,H,134
619,A,L,H,140
620,A,V,H,102
621,A,V,H,98
622,A,G,H,43
623,A,G,H,45
624,A,V,H,98
625,A,V,H,75
626,A,W,H,176
627,A,K,H,197
628,A,A,H,82
629,A,V,H,67
630,A,G, ,32
631,A,W,H,171
632,A,R,H,189
633,A,L,H,97
634,A,I,H,50
635,A,A,H,50
636,A,L,H,112
637,A,S,H,68
638,A,F,H,145
639,A,G,H,40
640,A,L,H,110
641,A,Y,H,94
642,A,G,H,32
643,A,L,H,126
644,A,L,H,66
645,A,Y,H,99
646,A,V,H,78
647,A,Y,H,153
648,A,E,H,38
649,A,R,H,131
650,A,L,H,130
651,A,T,H,62
652,A,W, ,75
653,A,T, ,73
654,A,T,H,70
655,A,K,H,144
656,A,A,H,21
657,A,K,H,52
658,A,E,H,35
659,A,R,H,175
660,A,A,H,20
661,A,F,H,0
662,A,K,H,14
663,A,R,H,203
664,A,Q,H,57
665,A,F,H,2
666,A,V,H,28
667,A,E,H,143
668,A,H,H,38
669,A,A,H,1
670,A,S,H,26
671,A,E,H,127
672,A,K,H,53
673,A,L,H,2
674,A,Q,H,111
675,A,L,H,126
676,A,V,H,29
677,A,I,H,29
678,A,S,H,80
679,A,Y,H,151
680,A,T,H,3
681,A,G,H,0
682,A,S,H,60
683,A,N,H,36
684,A,C,H,0
685,A,S,H,11
686,A,H,H,90
687,A,Q,H,36
688,A,V,H,1
689,A,Q,H,85
690,A,Q,H,122
691,A,E,H,41
692,A,L,H,0
693,A,S,H,52
694,A,G,H,42
695,A,T,H,8
696,A,F,H,37
697,A,A,H,58
698,A,H,H,67
699,A,L,H,3
700,A,C,H,19
701,A,Q,H,114
702,A,Q,H,47
703,A,V,H,1
704,A,D,H,73
705,A,V,H,69
706,A,T,H,18
707,A,R,H,87
708,A,E,H,113
709,A,N,H,80
710,A,L,H,15
711,A,E,H,93
712,A,Q,H,119
713,A,E,H,82
714,A,I,H,18
715,A,A,H,58
716,A,A,H,60
717,A,M,H,31
718,A,N,H,62
719,A,K,H,108
720,A,K,H,63
721,A,I,H,16
722,A,E,H,149
723,A,V,H,40
724,A,L,H,0
725,A,D,H,80
726,A,S,H,57
727,A,L,H,15
728,A,Q,H,13
729,A,S,H,70
730,A,K,H,109
731,A,A,H,0
732,A,K,H,106
733,A,L,H,94
734,A,L,H,5
735,A,R,H,64
736,A,N,H,89
737,A,K,H,71
738,A,A,H,1
739,A,G,H,36
740,A,W,H,128
741,A,L,H,3
742,A,D,H,48
743,A,S,H,60
744,A,E,H,34
745,A,L,H,1
746,A,N,H,65
747,A,M,H,105
748,A,F,H,0
749,A,T,I,30
750,A,H,I,135
751,A,Q,I,115
752,A,Y,I,29
753,A,L,I,12
754,A,Q,S,104
755,A,P,P,106
756,A,S,P,121
757,A,R, ,319
